sample_id,population,time_point,sample_type,treatment,data
REL1207,Ancestor,0,clone,,REL1207
REL2037,32C Ara-1,2000,clone,32C,REL2037
REL2038,32C Ara+1,2000,clone,32C,REL2038
REL2039,32C Ara-2,2000,clone,32C,REL2039
REL2040,32C Ara+2,2000,clone,32C,REL2040
REL2041,32C Ara-3,2000,clone,32C,REL2041
REL2042,32C Ara+3,2000,clone,32C,REL2042
REL2043,37C Ara+1,2000,clone,37C,REL2043
REL2044,37C Ara-2,2000,clone,37C,REL2044
REL2045,37C Ara+2,2000,clone,37C,REL2045
REL2046,37C Ara-3,2000,clone,37C,REL2046
REL2047,42C Ara-1,2000,clone,42C,REL2047
REL2048,42C Ara-2,2000,clone,42C,REL2048
REL2049,42C Ara+2,2000,clone,42C,REL2049
REL2050,42C Ara-3,2000,clone,42C,REL2050
REL2051,42C Ara+3,2000,clone,42C,REL2051
REL2052,32C/42C Ara-1,2000,clone,32C/42C,REL2052
REL2053,32C/42C Ara+1,2000,clone,32C/42C,REL2053
REL2054,32C/42C Ara-2,2000,clone,32C/42C,REL2054
REL2055,32C/42C Ara+2,2000,clone,32C/42C,REL2055
REL2056,32C/42C Ara-3,2000,clone,32C/42C,REL2056
REL2057,32C/42C Ara+3,2000,clone,32C/42C,REL2057
REL2142,42C Ara+1,2000,clone,42C,REL2142
REL2143,37C Ara-1,2000,clone,37C,REL2143
REL2144,37C Ara+3,2000,clone,37C,REL2144
REL7000,20C Ara-1,2000,clone,20C,REL7000
REL7001,20C Ara+1,2000,clone,20C,REL7001
REL7002,20C Ara-2,2000,clone,20C,REL7002
REL7003,20C Ara+2,2000,clone,20C,REL7003
REL7004,20C Ara-3,2000,clone,20C,REL7004
REL7005,20C Ara+3,2000,clone,20C,REL7005
